englishName,displayName,plantCouncilName,pcQuality,wholeSaleName,kind,varieties,type,wsQuality,imported,image
Avocado Etinger,אבוקדו אטינגר,,,אבוקדו אטינגר סוג א,אבוקדו,אטינגר,סוג א,סוג א,,Avocado.jpg
Avocado Arad,אבוקדו ארד,,,אבוקדו ארד,,,,ארד,,Avocado.jpg
Avocado Ardit,אבוקדו ארדיט,,,אבוקדו ארדיט ירוק,אבוקדו,ארדיט,ירוק,ירוק,,Avocado.jpg
Avocado Galil,אבוקדו גליל,,,אבוקדו גליל,אבוקדו,,גליל,גליל,,Avocado.jpg
Avocado Ass,אבוקדו האס,,,אבוקדו האס סוג א'מחוספס,אבוקדו,האס,סוג א'מחוספס,סוג א מחוספס,,Avocado.jpg
Avocado Nevel,אבוקדו נבל,,,אבוקדו נבל סוג א,אבוקדו,נבל,סוג א,סוג א,,Avocado.jpg
Avocado Poarta,אבוקדו פוארטה,,,אבוקדו פוארטה סוג א,אבוקדו,פוארטה,סוג א,סוג א,,Avocado.jpg
Avocado Penkiltom,אבוקדו פנקילטון,,,אבוקדו פנקילטון ירוק,אבוקדו,פנקילטון,ירוק,ירוק,,Avocado.jpg
Avocado Rid,אבוקדו ריד,,,אבוקדו ריד,אבוקדו,ריד,,ריד,,Avocado.jpg
Watermelons Mini,אבטיחים מיני,,,אבטיחים מיני,אבטיחים,מיני,,מיני,,Watermelons Mini.jpg
Watermelons Mini,אבטיחים מיני,,,"אבטיחים מיני בהיר 0.5-1 ק""ג סוג א",,,,"בהיר 1-0.5 ק""ג סוג א",,Watermelons Mini.jpg
Watermelons Seedless,אבטיחים סידלס,אבטיח ארמיס,ארמיס מובחר,אבטיחים סידלס קרטונים,אבטיחים,סידלס,קרטונים,קרטונים,,Watermelons Mini.jpg
Watermelons Seedless,אבטיחים סידלס,אבטיח ארמיס,ארמיס סוג א,"אבטיחים סידלס 10-3 ק""ג סוג א",,,,"10-3 ק""ג סוג א",,Watermelons Mini.jpg
Watermelons Seedless,אבטיחים סידלס,,,אבטיחים סידלס במיכלים,אבטיחים,סידלס,במיכלים,מיכלים,,Watermelons Mini.jpg
Watermelons Crimson,אבטיחים קרימסון,אבטיח,סוג א,אבטיחים קרימסון במיכלים,,,,מיכלים,,Watermelons Crimson.jpg
Watermelons Crimson,אבטיחים קרימסון,אבטיח,מובחר,אבטיחים קרימסון קרטונים,אבטיחים,קרימסון,קרטונים,קרטונים,,Watermelons Crimson.jpg
Pears Jentle,אגסים ג'נטיל,,,אגסים ג'נטיל ק' 5 מותג,,,,ק' 5 מותג,,Pears Jentle.png
Pears Jentle,אגסים ג'נטיל,,,אגסים ג'נטיל ק' 3.5 מותג,,,,ק' 3.5 מותג,,Pears Jentle.png
Pears Jentle,אגסים ג'נטיל,,,אגסים ג'נטיל ק' 5.5 מותג,,,,ק' 5.5 מותג,,Pears Jentle.png
Pears Jentle,אגסים ג'נטיל,,,אגסים ג'נטיל ק' 4.5 מותג,אגסים,ג'נטיל,ק' 4.5 מותג,ק'4.5 מותג,,Pears Jentle.png
Pears Jentle,אגסים ג'נטיל,,,אגסים ג'נטיל ק' 4 מותג,,,,ק' 4 מותג,,Pears Jentle.png
Pears Spedona,אגסים ספדונה,,,אגסים ספדונה ק' 5 מותג,,,,ק' 5 מותג,,Pears.jpg
Pears Spedona (Import),אגסים ספדונה,,,אגסים ספדונה ייבוא קוטר-6,,,,ק' 6 יבוא,TRUE,Pears.jpg
Pears Spedona (Import),אגסים ספדונה,,,אגסים ספדונה ייבוא קוטר 6.5,,,,ק' 6.5 יבוא,TRUE,Pears.jpg
Pears Spedona (Import),אגסים ספדונה,,,אגסים ספדונה ייבוא ק 7 בוסק,,,,ק' 7 בוסק יבוא,TRUE,Pears.jpg
Pears Spedona,אגסים ספדונה,,,אגסים ספדונה ק' 6 מותג,אגסים,ספדונה,ק' 6 מותג,ק' 6 מותג,,Pears.jpg
Pears Spedona,אגסים ספדונה,,,אגסים ספדונה ק' 6.5 מותג,אגסים,ספדונה,ק' 6.5 מותג,ק' 6.5 מותג,,Pears.jpg
Pears Spedona,אגסים ספדונה,,,אגסים ספדונה ק' 5.5 מותג,אגסים,ספדונה,ק' 5.5 מותג,ק'5.5 מותג,,Pears.jpg
Pears Spedona,אגסים ספדונה,,,אגסים ספדונה ק' 7 מותג,אגסים,ספדונה,ק' 7 מותג,ק' 7 מותג,,Pears.jpg
Pears Spedochina,אגסים ספדוצ'ינה,,,אגסים ספדוצ'ינה קוטר 5,,,,קוטר 5,,Pears.jpg
Pears Spedochina,אגסים ספדוצ'ינה,,,אגסים ספדוצ'ינה קוטר 5.5,,,,קוטר 5.5,,Pears.jpg
Pears Spedochina,אגסים ספדוצ'ינה,,,אגסים ספדוצ'ינה קוטר 6,,,,קוטר 6.5,,Pears.jpg
Pears Spedochina,אגסים ספדוצ'ינה,,,אגסים ספדוצ'ינה קוטר 6.5,,,,קוטר 6.5,,Pears.jpg
Pears Kostia,אגסים קוסציה,,,אגסים קוסציה ק' 6 מותג,אגסים,קוסציה,ק' 6 מותג,ק' 6 מותג,,Pears.jpg
Pears Kostia,אגסים קוסציה,,,אגסים קוסציה ק' 6.5 מותג,אגסים,קוסציה,ק' 6.5 מותג,ק' 6.5 מותג,,Pears.jpg
Pears Kostia,אגסים קוסציה,,,אגסים קוסציה ק' 7 מותג,אגסים,קוסציה,ק' 7 מותג,ק' 7 מותג,,Pears.jpg
Pears Kostia,אגסים קוסציה,,,אגסים קוסציה ק' 4.5 מותג,,,,ק' 4.5 מותג,,Pears.jpg
Pears Kostia,אגסים קוסציה,,,אגסים קוסציה ק' 5.5 מותג,אגסים,קוסציה,ק' 5.5 מותג,ק' 5.5 מותג,,Pears.jpg
Pears Kostia,אגסים קוסציה,,,אגסים קוסציה ק' 5 מותג,אגסים,קוסציה,ק' 5 מותג,ק' 5 מותג,,Pears.jpg
Annona,אנונה,,,אנונה בינוני,אנונה,,בינוני,בינוני,,Annona.jpg
Pineapple (Import),אננס,,,אננס ייבוא,,,,יבוא,TRUE,Pineapple.jpg
Pineapple,אננס,,,אננס סוג א,אננס,,סוג א,סוג א,,Pineapple.jpg
Peas,אפונה,,,אפונה סוג א,אפונה,,סוג א,סוג א,,Peas.jpg
Persimmon,אפרסמון,,,אפרסמון כ,,,,כ,,Persimmon.jpg
Persimmon,אפרסמון,,,אפרסמון טריומף ק' 6 מות,אפרסמון,,טריומף ק' 6 מות,טריומף ק' 6 מותג,,Persimmon.jpg
Persimmon,אפרסמון,,,אפרסמון ק' 7 סוג א',,,,ק' 7 סוג א,,Persimmon.jpg
Persimmon,אפרסמון,,,אפרסמון טריומף ק' 7 מות,אפרסמון,,טריומף ק' 7 מות,טריומף ק' 7 מותג,,Persimmon.jpg
Persimmon,אפרסמון,,,אפרסמון מותג ק' 7.5,אפרסמון,,מותג ק' 7.5,טריומף ק' 7.5 מותג,,Persimmon.jpg
Persimmon,אפרסמון,,,אפרסמון ק' 6 סוג א',,,,ק' 6 סוג א,,Persimmon.jpg
Persimmon,אפרסמון,,,אפרסמון ק' 7.5 סוג א,,,,ק' 7.5 סוג א,,Persimmon.jpg
Persimmon,אפרסמון,,,אפרסמון ק' 6.5 סוג א',,,,ק' 6.5 סוג א,,Persimmon.jpg
Persimmon,אפרסמון,,,אפרסמון טריומף ק' 6.5 מ,אפרסמון,,טריומף ק' 6.5 מ,טריומף ק' 6.5 מותג,,Persimmon.jpg
Peaches 1334,אפרסקים 1334,,,אפרסקים סוג 1334 ק' 6,,,,קוטר 6,,Peaches1.jpg
Peaches 1334,אפרסקים 1334,,,אפרסקים סוג 1334 ק' 5.5,,,,קוטר 5.5,,Peaches1.jpg
Peaches 1334,אפרסקים 1334,,,אפרסקים סוג 1334 ק' 6.5,,,,קוטר 6.5,,Peaches1.jpg
Peaches 1881,אפרסקים 1881,,,אפרסקים 1881 ק' 5.5,,,,קוטר 5.5,,Peaches.png
Peaches Almog,אפרסקים אלמוג,,,אפרסקים אלמוג ק' 6 סוג א,,,,ק' 6 סוג א,,Peaches1.jpg
Peaches Almog,אפרסקים אלמוג,,,אפרסקים אלמוג ק' 6.5 סוג א,,,,ק' 6.5 סוג א,,Peaches1.jpg
Peaches Almog,אפרסקים אלמוג,,,אפרסקים אלמוג ק' 7 סוג א',,,,ק' 7 סוג א,,Peaches1.jpg
Peaches Peaches,אפרסקים אפרסקים,,,אפרסקים אפרסקים ק' 5.5,,,,קוטר 5.5,,Peaches1.jpg
Peaches Peaches,אפרסקים אפרסקים,,,אפרסקים אפרסקים ק' 5,,,,קוטר 5.5,,Peaches1.jpg
Peaches Peaches,אפרסקים אפרסקים,,,אפרסקים אפרסקים ק' 4.5,,,,קוטר 4.5,,Peaches1.jpg
Peaches Peaches,אפרסקים אפרסקים,,,אפרסקים אפרסקים ק' 6,,,,קוטר 6.5,,Peaches1.jpg
Peaches Peaches,אפרסקים אפרסקים,,,אפרסקים אפרסקים ק' 6.5,,,,קוטר 6.5,,Peaches1.jpg
Peaches Peaches,אפרסקים אפרסקים,,,אפרסקים אפרסקים ק' 7,,,,קוטר 7,,Peaches1.jpg
Peaches Babkok,אפרסקים בבקוק,,,אפרסקים בבקוק ק' 5.5 סוג א,,,,ק' 5.5 סוג א,,Peaches.png
Peaches Babkok,אפרסקים בבקוק,,,אפרסקים בבקוק ק' 7 סוג א,,,,ק' 7 סוג א,,Peaches.png
Peaches Babkok,אפרסקים בבקוק,,,אפרסקים בבקוק ק' 6 סוג א,,,,ק' 6 סוג א,,Peaches.png
Peaches Babkok,אפרסקים בבקוק,,,אפרסקים בבקוק ק' 6.5 סוג א,,,,ק' 6.5 סוג א,,Peaches.png
Peaches Harmoza,אפרסקים הרמוזה,,,אפרסקים הרמוזה קוטר 7 סוג א,,,,ק' 7 סוג א,,Peaches.png
Peaches Harmoza,אפרסקים הרמוזה,,,אפרסקים הרמוזה ק' 6.5 סוג א,,,,ק' 6.5 סוג א,,Peaches.png
Peaches Harmoza,אפרסקים הרמוזה,,,אפרסקים הרמוזה ק' 6 סוג א,,,,ק' 6 סוג א,,Peaches.png
Peaches Harmoza,אפרסקים הרמוזה,,,אפרסקים הרמוזה ק' 5.5 סוג א,,,,ק' 5.5 סוג א,,Peaches.png
Peaches white lady,אפרסקים וויט ליידי,,,אפרסקים וויט ליידי ק' 7.5,,,,קוטר 7.5,,Peaches White lady.png
Peaches white lady,אפרסקים וויט ליידי,,,אפרסקים וויט ליידי לבן קוטר 5.5,,,,קוטר 5.5,,Peaches White lady.png
Peaches white lady,אפרסקים וויט ליידי,,,אפרסקים וויט ליידי לבן קוטר 6.5,אפרסקים,וויט ליידי,לבן קוטר 6.5,קוטר6.5,,Peaches White lady.png
Peaches white lady,אפרסקים וויט ליידי,,,אפרסקים וויט ליידי לבן קוטר 6,אפרסקים,וויט ליידי,לבן קוטר 6,קוטר6,,Peaches White lady.png
Peaches white lady,אפרסקים וויט ליידי,,,אפרסקים וויט ליידי לבן קוטר 7,אפרסקים,וויט ליידי,לבן קוטר 7,קוטר7,,Peaches White lady.png
Peaches Texas,אפרסקים טקסס,,,אפרסקים טכסס ק' 6 סוג א,אפרסקים,טכסס,ק' 6 סוג א,קוטר 6 א,,Peaches.png
Peaches Texas,אפרסקים טקסס,,,אפרסקים טכסס ק' 6.5 סוג א,אפרסקים,טכסס,ק' 6.5 סוג א,ק' 6.5 א,,Peaches.png
Peaches Texas,אפרסקים טקסס,,,אפרסקים טכסס ק' 7 סוג א,אפרסקים,טכסס,ק' 7 סוג א,קוטר7 א,,Peaches.png
Peaces White,אפרסקים לבנים,,,אפרסקים לבן,אפרסקים,,לבן,לבן,,Peaches White.jpg
Peaches Swilling,אפרסקים סווילינג,,,אפרסקים סווילינג קוטר 7.5,אפרסקים,סווילינג,קוטר 7.5,קוטר 7.5,,Peaches.png
Peaches Swilling,אפרסקים סווילינג,,,אפרסקים סווילינג ק' 6 סוג א,אפרסקים,סווילינג,ק' 6 סוג א,ק' 6  א,,Peaches.png
Peaches Swilling,אפרסקים סווילינג,,,אפרסקים סווילינג ק' 6.5 סוג א,אפרסקים,סווילינג,ק' 6.5 סוג א,ק' 6.5  א,,Peaches.png
Peaches Swilling,אפרסקים סווילינג,,,אפרסקים סווילינג ק' 5.5 סוג א,אפרסקים,סווילינג,ק' 5.5 סוג א,ק' 5.5 א,,Peaches.png
Peaches Swilling,אפרסקים סווילינג,,,אפרסקים סווילינג ק' 7 סוג א,אפרסקים,סווילינג,ק' 7 סוג א,ק' 7 א,,Peaches.png
Peaches Summer snow,אפרסקים סמר סנו,,,אפרסקים ק' 7.5,אפרסקים,,ק' 7.5,קוטר 7.5,,Peaches.png
Peaches Summer snow,אפרסקים סמר סנו,,,אפרסקים סמר סנו ק' 7,אפרסקים,,סמר סנו ק' 7,קוטר 7,,Peaches.png
Peaches Summer snow,אפרסקים סמר סנו,,,אפרסקים סמר סנו ק' 5.5,,,,קוטר 5.5,,Peaches.png
Peaches Summer snow,אפרסקים סמר סנו,,,אפרסקים סמר סנו ק' 6,אפרסקים,,סמר סנו ק' 6,קוטר 6,,Peaches.png
Peaches Summer snow,אפרסקים סמר סנו,,,אפרסקים סמר סנו ק' 6.5,אפרסקים,,סמר סנו ק' 6.5,קוטר 6.5,,Peaches.png
Peaches September,אפרסקים ספטמבר,,,אפרסקים ספטמבר ק' 7.5 סוג א,,,,ק' 7.5 סוג א,,Peaches.png
Peaches September,אפרסקים ספטמבר,,,אפרסקים ספטמבר ק' 7 סוג א,,,,ק' 7 סוג א,,Peaches.png
Peaches September,אפרסקים ספטמבר,,,אפרסקים ספטמבר ק' 6.5 סוג א,,,,ק' 6.5 סוג א,,Peaches.png
Peaches September,אפרסקים ספטמבר,,,אפרסקים ספטמבר ק' 6 סוג א,,,,ק' 5.5 סוג א,,Peaches.png
Peaches September,אפרסקים ספטמבר,,,אפרסקים ספטמבר ק' 5.5 סוג א,,,,ק' 5.5 סוג א,,Peaches.png
Peaches September snow,אפרסקים ספטמבר סנו,,,אפרסקים ספטמבר סנו 7,,,,קוטר 7,,Peaches1.jpg
Peaches September snow,אפרסקים ספטמבר סנו,,,אפרסקים ספטמבר סנו 6.5,,,,קוטר 6.5,,Peaches1.jpg
Peaches September snow,אפרסקים ספטמבר סנו,,,אפרסקים ספטמבר סנו 6,,,,קוטר 6,,Peaches1.jpg
Peaches September snow,אפרסקים ספטמבר סנו,,,אפרסקים ספטמבר סנו 5.5,,,,קוטר 5.5,,Peaches1.jpg
Peaches Scarlet,אפרסקים סקרלט,,,אפרסקים סקרלט קוטר 6,,,,קוטר 6,,Peaches1.jpg
Peaches Scarlet,אפרסקים סקרלט,,,אפרסקים סקרלט קוטר 5.5,,,,קוטר 5.5,,Peaches1.jpg
Peaches Scarlet,אפרסקים סקרלט,,,אפרסקים סקרלט קוטר 7,,,,קוטר 7,,Peaches1.jpg
Peaches Scarlet,אפרסקים סקרלט,,,אפרסקים סקרלט קוטר 6.5,,,,קוטר 6.5,,Peaches1.jpg
Peaches Oded,אפרסקים עודד,,,אפרסקים עודד ק' 6,אפרסקים,,עודד ק' 6,קוטר 6,,Peaches1.jpg
Peaches Oded,אפרסקים עודד,,,אפרסקים עודד ק' 6.5,אפרסקים,,עודד ק' 6.5,קוטר 6.5,,Peaches1.jpg
Peaches Oded,אפרסקים עודד,,,אפרסקים עודד ק' 5.5,אפרסקים,,עודד ק' 5.5,קוטר 5.5,,Peaches1.jpg
Peaches Oded,אפרסקים עודד,,,אפרסקים עודד ק' 7,אפרסקים,,עודד ק' 7,קוטר 7,,Peaches1.jpg
Peaches Oded,אפרסקים עודד,,,אפרסקים עודד ק' 7.5,,,,קוטר 7.5,,Peaches1.jpg
Peaches Yellow,אפרסקים צהובים,,,אפרסקים צהוב ק' 7,,,,קוטר 7,,Peaches Yellow.png
Peaches Yellow,אפרסקים צהובים,,,אפרסקים צהוב ק' 5.5,אפרסקים,,צהוב ק' 5.5,קוטר 5.5,,Peaches Yellow.png
Peaches Yellow,אפרסקים צהובים,,,אפרסקים צהוב ק' 6.5,אפרסקים,,צהוב ק' 6.5,קוטר 6.5,,Peaches Yellow.png
Peaches Yellow,אפרסקים צהובים,,,אפרסקים צהוב ק' 6,אפרסקים,,צהוב ק' 6,קוטר 6,,Peaches Yellow.png
Peaches Suger lady,אפרסקים שוגר ליידי,,,אפרסקים שוגר ליידי 6.5,אפרסקים,,שוגר ליידי 6.5,קוטר 6.5,,Peaches1.jpg
Peaches Suger lady,אפרסקים שוגר ליידי,,,אפרסקים שוגר ליידי ק7,אפרסקים,,שוגר ליידי ק7,קוטר 7,,Peaches1.jpg
Peaches Suger lady,אפרסקים שוגר ליידי,,,אפרסקים שוגר ליידי ק7.5,אפרסקים,,שוגר ליידי ק7.5,קוטר 7.5,,Peaches1.jpg
Peaches Suger lady,אפרסקים שוגר ליידי,,,אפרסקים שוגר ליידי 6,אפרסקים,,שוגר ליידי 6,קןטר6,,Peaches1.jpg
Peaches Suger lady,אפרסקים שוגר ליידי,,,אפרסקים שוגר ליידי 5.5,,,,קוטר 5.5,,Peaches1.jpg
Peaches Suger lady,אפרסקים שוגר ליידי,,,אפרסקים שוגר ליידי,,,,שוגר ליידי,,Peaches1.jpg
Peaches 1880,אפרסקים1880,,,אפרסקים 1880 ק' 7,אפרסקים,,1880 ק' 7,קוטר 7,,Peaches.png
Peaches 1880,אפרסקים1880,,,אפרסקים 1880 ק' 5.5,,,,קוטר 5.5,,Peaches.png
Peaches 1880,אפרסקים1880,,,אפרסקים 1880 ק' 6,אפרסקים,,1880 ק' 6,קוטר 6,,Peaches.png
Peaches 1880,אפרסקים1880,,,אפרסקים 1880 ק' 6.5,אפרסקים,,1880 ק' 6.5,קוטר 6.5,,Peaches.png
Peaches 1881,אפרסקים1881,,,אפרסקים 1881 ק' 7,אפרסקים,,1881 ק' 7,קוטר 7,,Peaches.png
Peaches 1881,אפרסקים1881,,,אפרסקים 1881 ק' 6,אפרסקים,,1881 ק' 6,קןטר 6,,Peaches.png
Peaches 1881,אפרסקים1881,,,אפרסקים 1881 ק' 6.5,אפרסקים,,1881 ק' 6.5,קוטר 6.5,,Peaches.png
Green Artichokes,ארטישוק ירוק,ארטישוק,סוג א,קינרס סוג א' ירוק,,,,סוג א,,Green Artichokes.png
Green Artichokes,ארטישוק ירוק,ארטישוק,מובחר,,,,,,,Green Artichokes.png
Green Artichokes,ארטישוק ירוק,,,קינרס ירוק,קינרס,,ירוק,ירוק,,Green Artichokes.png
Purple Artichokes,ארטישוק סגול,,,קינרס סוג א'סגול,קינרס,,סוג א'סגול,סוג א,,Purple Artichokes.png
Grapefruit Red,אשכוליות אדומות,,,אשכוליות אדומות סוג א,אשכוליות,אדומות,סוג א,סוג א,,Grapefruit Red.jpg
Grpefruit white,אשכוליות לבנות,,,אשכוליות לבנות סוג א,אשכוליות,לבנות,סוג א,סוג א,,Grapefruit white.jpg
Sweetpotatos,בטטות,בטטות,מובחר,,,,,,,Sweetpotatoes.jpg
Sweetpotatos,בטטות,בטטות,סוג א,בטטות מ- 250 גר סוג א,בטטות,,מ- 250 גר סוג א,מ-250גר' א,,Sweetpotatoes.jpg
Sweetpotatos,בטטות,בטטות איכות מעולה,איכות מעולה מובחר,,,,,,,Sweetpotatoes.jpg
Sweetpotatos,בטטות,בטטות איכות מעולה,איכות מעולה סוג א,,,,,,,Sweetpotatoes.jpg
Okra,במיה,,,במיה אורך:7-5סוג א,במיה,,אורך:7-5סוג א,אורך 7-5 א,,okra.jpg
Okra,במיה אריזה,,,במיה ארוז,במיה,,ארוז,באריזה,,okra.jpg
Bananas,בננות,,,בננות סוג א,בננות,,סוג א,סוג א,,Bananas.jpg
Onion Red,בצל אדום,בצל אדום,מובחר,,,,,,,Onion Red.jpg
Onion Red,בצל אדום,בצל אדום,סוג א,בצל אדום מקומי,בצל,אדום,מקומי,מקומי,,Onion Red.jpg
Onion Red (Import),בצל אדום,,,בצל אדום ייבוא,,,,יבוא,TRUE,Onion Red.jpg
Onion Dry,בצל יבש,בצל באריזה קמעונאית,באריזה סוג א,,,,,,,Onion Dry.jpg
Onion Dry,בצל יבש,בצל באריזה קמעונאית,באריזה מובחר,,,,,,,Onion Dry.jpg
Onion Dry,בצל יבש,בצל בית אלפא,בית אלפא סוג א,בצל בית-אלפא ק' 77-45סוג א,בצל,בית-אלפא,ק' 77-45סוג א,ק' 77-45 א,,Onion Dry.jpg
Onion Dry,בצל יבש,בצל בית אלפא,בית אלפא מובחר,,,,,,,Onion Dry.jpg
Onion Dry,בצל יבש,בצל יבש,יבש סוג א,בצל אורי ק' 77-45סוג א,בצל,אורי,ק' 77-45סוג א,אורי ק' 77-45 א,,Onion Dry.jpg
Onion Dry,בצל יבש,בצל יבש,יבש מובחר,,,,,,,Onion Dry.jpg
Onion Dry,בצל יבש,בצל ריברסייד,ריברסייד סוג א,בצל ריברסייד ק' 77-50סוג א,בצל,ריברסייד,ק' 77-50סוג א,ק' 77-50 א,,Onion Dry.jpg
Onion Dry,בצל יבש,בצל ריברסייד,ריברסייד מובחר,,,,,,,Onion Dry.jpg
Onion Dry (Import),בצל יבש,,,בצל ייבוא יבש,בצל,ייבוא,יבש,יבוא,TRUE,Onion Dry.jpg
Onion Green,בצל ירוק,בצל ירוק,מובחר,,,,,,,Onion Green.jpg
Onion Green,בצל ירוק,בצל ירוק,סוג א,בצל ירוק תפזורת סוג א,בצל,ירוק,תפזורת סוג א,תפזורת  א,,Onion Green.jpg
Onion Green,בצל ירוק,בצל ירוק ארוז,באריזה מובחר,,,,,,,Onion Green.jpg
Onion Green,בצל ירוק,בצל ירוק ארוז,באריזה סוג א,בצל ירוק ארוז סוג א,בצל,ירוק,ארוז סוג א,אריזה  א,,Onion Green.jpg
Broccoli,ברוקולי,ברוקולי באריזה קמעונאית,אריזה מובחר,,,,,,,Broccoli.jpg
Broccoli,ברוקולי,ברוקולי באריזה קמעונאית,אריזה סוג א,ברוקולי ארוז,ברוקולי,,ארוז,באריזה,,Broccoli.jpg
Broccoli,ברוקולי,,,ברוקולי ,ברוקולי,,.,בתפזורת,,Broccoli.jpg
Guavas,גויאבות,,,גויאבות סוג א',גויאבות,,סוג א',סוג א,,Guavas.jpg
Guavas,גויאבות,,,גויבות סוג א,גויבות,,סוג א,סוג א,,Guavas.jpg
Guavas,גויאבות,,,גויבות סוג א',,,,סוג א,,Guavas.jpg
Carrot,גזר,גזר באריזה קמעונאית,אריזה סוג א,גזר ארוז,גזר,,ארוז,באריזה,,Carrot.jpg
Carrot,גזר,גזר באריזה קמעונאית,אריזה מובחר,,,,,,,Carrot.jpg
Carrot,גזר,גזר בשקים,תפזורת סוג א,גזר תפזורת סוג א,גזר,,תפזורת סוג א,תפזורת סוג א,,Carrot.jpg
Carrot,גזר,גזר בשקים,תפזורת מובחר,,,,,,,Carrot.jpg
Cherry Red,דובדבנים אדומים,,,דובדבנים אדומים מותג,דובדבנים,אדומים,מותג,מותג,,Cherry Red.jpg
Chery Red,דובדבנים אדומים,,,דובדבנים אדומים סוג א,דובדבנים,אדומים,סוג א,סוג א,,Cherry Red.jpg
Cherry white,דובדבנים לבנים,,,דובדבנים לבנים מותג,דובדבנים,לבנים,מותג,מותג,,Cherry White.jpg
Cherry White,דובדבנים לבנים,,,דובדבנים לבנים סוג א,דובדבנים,לבנים,סוג א,סוג א,,Cherry White.jpg
Butternut squash,דלורית,דלורית,סוג א,דלורית סוג א,דלורית,,סוג א,סוג א,,Butternut Squash.jpg
Butternut squash,דלורית,דלורית,מובחר,,,,,,,Butternut Squash.jpg
Pumpkin,דלעת,דלעת,סוג א,"דלעת בין25-10ק""ג א",דלעת,,"בין25-10ק""ג א","25-10ק""ג א",,Pumpkin.jpg
Pumpkin,דלעת,דלעת,מובחר,,,,,,,Pumpkin.jpg
Chestnut Pumpkin,דלעת ערמונים,דלעת ערמונים,מובחר,,,,,,,Chestnut Pumpkin2.jpg
Chestnut Pumpkin,דלעת ערמונים,דלעת ערמונים,סוג א,,,,,,,Chestnut Pumpkin2.jpg
Quinces,חבושים,,,חבושים סוג א,חבושים,,סוג א,סוג א,,Quinces.jpg
Quinces (Import),חבושים,,,חבושים ייבוא,חבושים,,ייבוא,יבוא,TRUE,Quinces.jpg
Horseradish,חזרת,,,חזרת ב- 30-10ס'א,חזרת,,ב- 30-10ס'א,30-10ס'א,,Horseradish.jpg
Lettuce,חסה,חסה 8 יחידות,8 יחידות סוג א,,,,,,,Lettuce.jpg
Lettuce,חסה,חסה 8 יחידות,8 יחידות מובחר,,,,,,,Lettuce.jpg
Lettuce,חסה,,,חסה ערבית יח' 1סוג א,חסה,ערבית,יח' 1סוג א,יח' 1 סוג א,,Lettuce.jpg
Iceberg lettuce,חסה עגולה,,,חסה עגולה יח' 1סוג א,חסה,עגולה,יח' 1סוג א,יח' 1 סוג א,,Iceberg lettuce.jpg
Eggplants,חצילים,חציל חממה,חממה סוג א,חצילים חממה,חצילים,,חממה,חממה,,Eggplants.jpg
Eggplants,חצילים,חציל חממה,חממה מובחר,,,,,,,Eggplants.jpg
Eggplants,חצילים,חצילים,מובחר,,,,,,,Eggplants.jpg
Eggplants,חצילים,חצילים,סוג א,חצילים ש.פ.סוג א,חצילים,,ש.פ.סוג א,ש.פ סוג א,,Eggplants.jpg
Eggplants,חצילים,חצילים איכות מעולה,איכות מעולה סוג א,,,,,,,Eggplants.jpg
Eggplants,חצילים,חצילים איכות מעולה,איכות מעולה מובחר,,,,,,,Eggplants.jpg
Red cabbage,כרוב אדום,כרוב אדום,סוג א,"כרוב אדום 1-0.5ק""ג סוג א",כרוב,אדום,"1-0.5ק""ג סוג א","1-0.5ק""ג א",,Red cabbage.jpg
Red cabbage,כרוב אדום,כרוב אדום,מובחר,,,,,,,Red cabbage.jpg
White Cabbage,כרוב לבן,כרוב לבן,מובחר,,,,,,,White Cabbage.jpg
White Cabbage,כרוב לבן,כרוב לבן,סוג א,"כרוב לבן 1-0.8ק""ג סוג א",כרוב,לבן,"1-0.8ק""ג סוג א","1-0.8ק""ג א",,White Cabbage.jpg
Cauliflower,כרובית,כרובית,מובחר,,,,,,,Cauliflower.jpg
Cauliflower,כרובית,כרובית,סוג א,"כרובית בין1.2-1ק""ג א",כרובית,,"בין1.2-1ק""ג א","1.2-1ק""ג א",,Cauliflower.jpg
Black-eyed peas,לוביה,,,לוביה ארוז סוג א',,,,ארוז סוג א,,Black-eyed peas.jpg
Black-eyed peas,לוביה,,,לוביה סוג א',,,,סוג א,,Black-eyed peas.jpg
Black-eyed peas,לוביה,,,לוביה סוג א,לוביה,,סוג א,סוג א,,Black-eyed peas.jpg
Arum,לוף,לוף,מובחר,,,,,,,Arum.jpg
Arum,לוף,לוף,סוג א,"לוף ב- 10-7ס""מ א",לוף,,"ב- 10-7ס""מ א","10-7ס""מ א",,Arum.jpg
Lemons Limequat,לימון לימקווט,,,לימונים לימקווט תפזורת,לימונים,לימקווט,תפזורת,בתפזורת,,Lemons Limequat.jpg
Lemons Limequat,לימון לימקווט,,,לימונים לימקווט ארוז,לימונים,לימקווט,ארוז,באריזה,,Lemons Limequat.jpg
Lemons,לימונים,,,לימונים סוג א,לימונים,,סוג א,סוג א,,Lemons.jpg
Lemons,לימונים,,,לימונים לימונים סוג א,לימונים,,לימונים סוג א,סוג א,,Lemons.jpg
Litchi,ליצ'י,,,ליצ'י מותג,ליצ'י,,מותג,מותג,,Litchi.jpg
Turnip,לפת,לפת איכות מעולה,איכות מעולה סוג א,"לפת קוטר:90-70מ""מ",לפת,,"קוטר:90-70מ""מ","ק'90-70 מ""מ",,Turnip.jpg
Turnip,לפת,לפת איכות מעולה,איכות מעולה מובחר,,,,,,,Turnip.jpg
Melon Galia,מלון גליה,מילון,סוג א,,,,,,,Melons Galia.png
Melon Galia,מלון גליה,מילון,מובחר,,,,,,,Melons Galia.png
Melons Galia,מלון גליה,מילון גליה מעולה,מעולה סוג א,מלונים גליה מותג,מלונים,גליה,מותג,מותג,,Melons Galia.png
Melons Galia,מלון גליה,מילון גליה מעולה,מעולה מובחר,,,,,,,Melons Galia.png
Melons Orange,מלון כתום,מילון כתום,מובחר,,,,,,,Melons Orange.jpg
Melons Orange,מלון כתום,מילון כתום,סוג א,מלונים כתום,מלונים,,כתום,כתום,,Melons Orange.jpg
Melons Orange pineapple,מלון כתום אננס,מילון אננס,סוג א,מלונים אננס סוג א,,,,סוג א,,Melons Orange pineapple.png
Melons Orange pineapple,מלון כתום אננס,מילון אננס,מובחר,,,,,,,Melons Orange pineapple.png
Melons Orange pineapple,מלון כתום אננס,,,מלונים כתום אננס,מלונים,,כתום אננס,כתום אננס,,Melons Orange pineapple.png
Melons Sherantia,מלון שרנתייה,,,מלונים שרנתייה,מלונים,,שרנתייה,שרנתייה,,Melons Sherantia.jpg
Cucumbers,מלפפונים,מלפפון חממה,חממה מובחר,,,,,,,cucumbers.jpg
Cucumbers,מלפפונים,מלפפון חממה,חממה סוג א,מלפפון,מלפפון,,,מלפפון,,cucumbers.jpg
Mango Eden,מנגו היידן,,,מנגו היידן סוג א,מנגו,היידן,סוג א,סוג א,,Mango.jpg
Mango Tommy,מנגו טומי,,,מנגו טומי סוג א,מנגו,טומי,סוג א,סוג א,,Mango.jpg
Mango Maya,מנגו מיה,,,מנגו מיה סוג א,מנגו,מיה,סוג א,סוג א,,Mango.jpg
Mango Omer,מנגו עומר,,,מנגו עומר,,,,עומר,,Mango.jpg
Mango Pezi,מנגו פזי,,,מנגו פזי סוג א,מנגו,,פזי סוג א,סוג א,,Mango.jpg
Mango Palmar,מנגו פלמר,,,מנגו פלמר סוג א,מנגו,פלמר,סוג א,סוג א,,Mango.jpg
Mango Kit,מנגו קיט,,,מנגו קיט סוג א,מנגו,קיט,סוג א,סוג א,,Mango.jpg
Mango Kent,מנגו קנט,,,מנגו קנט סוג א,מנגו,קנט,סוג א,סוג א,,Mango.jpg
Mango Shelly,מנגו שלי,,,מנגו שלי סוג א,מנגו,שלי,סוג א,סוג א,,Mango.jpg
Apricots,משמש,,,משמש משמש,משמש,,משמש,משמש,,Apricot.jpg
Apricots zaiger,משמש זייגר,,,משמש זייגר,משמש,,זייגר,זייגר,,Apricot.jpg
Apricot Raanana,משמש רעננה,,,משמש רעננה,משמש,,רעננה,רעננה,,Apricot.jpg
Nectarine Red,נקטרינות אדומות,,,נקטרינות אדומות ק' 6מותג,נקטרינות,אדומות,ק' 6מותג,ק' 6מותג,,Nectarine Red.jpg
Nectarine Red,נקטרינות אדומות,,,נקטרינות אדומות ק' 6.5מותג,נקטרינות,אדומות,ק' 6.5מותג,ק' 6.5מותג,,Nectarine Red.jpg
Nectarine Red,נקטרינות אדומות,,,נקטרינות אדומות ק' 5מותג,נקטרינות,אדומות,ק' 5מותג,ק' 5מותג,,Nectarine Red.jpg
Nectarine Red,נקטרינות אדומות,,,נקטרינות אדומות ק' 5.5מותג,נקטרינות,אדומות,ק' 5.5מותג,ק' 5.5מותג,,Nectarine Red.jpg
Nectarine Red,נקטרינות אדומות,,,נקטרינות אדומות ק' 7מותג,נקטרינות,אדומות,ק' 7מותג,ק' 7מותג,,Nectarine Red.jpg
Nectarine white,נקטרינות לבנות,,,נקטרינות לבנות ק' 5מותג,נקטרינות,לבנות,ק' 5מותג,ק' 5מותג,,Nectarine white.jpg
Nectarine white,נקטרינות לבנות,,,נקטרינות לבנות ק' 6.5מותג,נקטרינות,לבנות,ק' 6.5מותג,ק' 6.5מותג,,Nectarine white.jpg
Nectarine white,נקטרינות לבנות,,,נקטרינות לבנות ק' 5.5מותג,נקטרינות,לבנות,ק' 5.5מותג,ק' 5.5מותג,,Nectarine white.jpg
Nectarine white,נקטרינות לבנות,,,נקטרינות לבנות ק' 7מותג,נקטרינות,לבנות,ק' 7מותג,ק' 7מותג,,Nectarine white.jpg
Nectarine white,נקטרינות לבנות,,,נקטרינות לבנות ק' 6מותג,נקטרינות,לבנות,ק' 6מותג,ק' 6מותג,,Nectarine white.jpg
Beetroot,סלק,סלק,מובחר,,,,,,,Beetroot.jpg
Beetroot,סלק,סלק,סוג א,סלק ק' 85-60סוג א,סלק,,ק' 85-60סוג א,ק' 85-60סוג א,,Beetroot.jpg
Beetroot,סלק,סלק איכות מעולה,איכות מעולה מובחר,,,,,,,Beetroot.jpg
Beetroot,סלק,סלק איכות מעולה,איכות מעולה סוג א,,,,,,,Beetroot.jpg
Tomatoes,עגבניות,עגבניות באשכולות,אשכולות סוג א,,,,,,,Tomatoes.jpg
Tomatoes,עגבניות,עגבניות באשכולות,אשכולות מובחר,,,,,,,Tomatoes.jpg
Tomatoes,עגבניות,עגבניות בהדליה,בהדליה סוג א,עגבניות הדלייה ק'67-55 סוג א,,,,הדלייה ק' 67-55 סוג א,,Tomatoes.jpg
Tomatoes,עגבניות,עגבניות בהדליה,בהדליה מובחר,,,,,,,Tomatoes.jpg
Tomatoes,עגבניות,עגבניות חממה,חממה סוג א,עגבניות חממה,עגבניות,חממה,,חממה,,Tomatoes.jpg
Tomatoes,עגבניות,עגבניות חממה,חממה מובחר,,,,,,,Tomatoes.jpg
Tomatoes (Import),עגבניות,עגבניות יבוא,יבוא סוג א,,,,,,TRUE,Tomatoes.jpg
Tomatoes (Import),עגבניות,עגבניות יבוא,יבוא מובחר,,,,,,TRUE,Tomatoes.jpg
Tomatoes,עגבניות,"עגבניות שט""פ","שט""פ סוג א",עגבניות ערבה ש.פתוח קוטר-65,עגבניות,ערבה,ש.פתוח קוטר-65,ערבה ש.פ ק'65,,Tomatoes.jpg
Tomatoes,עגבניות,"עגבניות שט""פ","שט""פ מובחר",,,,,,,Tomatoes.jpg
Tomatoes,עגבניות,עגבניות תמר,תמר סוג א,,,,,,,Tomatoes.jpg
Tomatoes,עגבניות,עגבניות תמר,תמר מובחר,,,,,,,Tomatoes.jpg
Tomatoes,עגבניות,,,עגבניות הדלייה ש.פ,,,,הדלייה ש.פ,,Tomatoes.jpg
Cherry tomatoes in clusters,עגבניות שרי באשכולות,עגבניות שרי אשכולות אכות מעולה,אכות מעולה מובחר,,,,,,,Cherry tomatoes in clusters.jpg
Cherry tomatoes in clusters,עגבניות שרי באשכולות,עגבניות שרי אשכולות אכות מעולה,אכות מעולה סוג א,,,,,אכות מעולה,,Cherry tomatoes in clusters.jpg
Cherry tomatoes in clusters,עגבניות שרי באשכולות,עגבניות שרי באשכולות,סוג א,עגבניות צ`רי אשכולות,עגבניות,צ'רי,אשכולות,אשכולות,,Cherry tomatoes in clusters.jpg
Cherry tomatoes in clusters,עגבניות שרי באשכולות,עגבניות שרי באשכולות,מובחר,,,,,,,Cherry tomatoes in clusters.jpg
Cherry tomatoes in clusters,עגבניות שרי באשכולות,,סוג א,עגבניות שרי אשכולות,עגבניות,שרי,אשכולות,אשכולות,,Cherry tomatoes in clusters.jpg
Tamar Cherry Tomatoes clusters,עגבניות שרי תמר,,,עגבניות צ`רי תמר אשכולות,עגבניות,צ'רי,תמר אשכולות,אשכולות,,Tamar Cherry Tomatoes.jpg
Tamar Cherry Tomatoes clusters,עגבניות שרי תמר,,,עגבניות שרי תמר אשכולות,עגבניות,שרי,תמר אשכולות,אשכולות,,Tamar Cherry Tomatoes.jpg
Tamar Tomatoes,עגבניות תמר,,,עגבניות תמר ש.פ,עגבניות,,תמר ש.פ,ש.פתוח,,Tamar Tomatoes.jpg
Tamar Tomatoes,עגבניות תמר,,,עגבניות תמר חממה,עגבניות,,תמר חממה,חממה,,Tamar Tomatoes.jpg
Grapes 108,ענבים 108,,,ענבים 108,,,,108,,Grapes 108.jpg
Grapes SBS (Import),ענבים SBS,,,ענבים SBS ייבוא,,,,יבוא,TRUE,Grapes SBS.png
Grapes Autumn Royal (Import),ענבים אוטם רויאל,,,ענבים אוטם רויאל ייבו,,,,יבוא,TRUE,Grapes Autumn Royal.png
Grapes Autumn Royal,ענבים אוטם רויאל,,,ענבים אוטם רויאל,ענבים,,אוטם רויאל,אוטם רויאל,,Grapes Autumn Royal.png
Grapes Alfons,ענבים אלפונס,,,ענבים אלפונס אוטם רואיל מותג,ענבים,אלפונס,אוטם רואיל מותג,מותג,,Grapes Autumn Royal.png
Grapes Bu- Hana,ענבים בו-חנה,,,ענבים בו-חנה סוג א מותג,,,,מותג סוג א,,Grapes Yara.jpg
Grapes Bonier,ענבים בונייר,,,ענבים בונייר,ענבים,,בונייר,בונייר,,Grapes Bonier.png
Grapes Black-finger,ענבים בלק פינגר,,,ענבים בלק פינגר מותג,,,,מותג,,Grapes Yara.jpg
Grapes Black-finger,ענבים בלק פינגר,,,ענבים בלק פינגר,,,,בלק פינגר,,Grapes Yara.jpg
Grapes Zeini,ענבים זייני,,,ענבים זייני סוג א,ענבים,זייני,סוג א,סוג א,,Grapes Zeini.png
Grapes Zeini,ענבים זייני,,,ענבים זייני מותג,ענבים,זייני,מותג,מותג,,Grapes Zeini.png
Grapes Haluni,ענבים חלאוני,,,ענבים חלאוני סוג א,ענבים,חלאוני,סוג א,סוג א,,Grapes Haluni.png
Grapes Haluni,ענבים חלאוני,,,ענבים חלאוני מותג,,,,מותג,,Grapes Haluni.png
Grapes Tompson,ענבים טומפסון,,,ענבים טומפסון מותג,ענבים,טומפסון,מותג,מותג,,Grapes Tompson.png
Grapes Tompson (Import),ענבים טומפסון,,,ענבים טומפסון ייבוא,ענבים,,טומפסון ייבוא,יבוא,TRUE,Grapes Tompson.png
Grapes Tompson,ענבים טומפסון,,,ענבים טומפסון סוג א',ענבים,טומפסון,סוג א',סוג א,,Grapes Tompson.png
Grapes Yara,ענבים יערה,,,ענבים יערה מותג,ענבים,,יערה מותג,מותג,,Grapes Yara.jpg
Grapes White,ענבים לבנים,,,ענבים לבנים מקומי,,,,מקומי,,Grapes White.jpg
Grapes Muscat,ענבים מוסקט,,,ענבים מוסקט סוג א',,,,סוג א,,Grapes White.jpg
Grapes Muscat,ענבים מוסקט,,,ענבים מוסקט מותג,,,,מותג,,Grapes White.jpg
Grapes Solt (Import),ענבים סולט,,,ענבים סולט ייבוא,,,,יבוא,TRUE,Grapes White.jpg
Grapes Superior,ענבים סופריור,,,ענבים סופריור מותג,ענבים,סופריור,מותג,מותג,,Grapes Superior.png
Grapes Superior,ענבים סופריור,,,ענבים סופריור סוג א,ענבים,סופריור,סוג א,סוג א,,Grapes Superior.png
Grapes Superior (Import),ענבים סופריור,,,ענבים סופריור ייבוא,ענבים,סופריור,ייבוא,יבוא,TRUE,Grapes Superior.png
Grapes Syble,ענבים סייבל,,,ענבים סייבל מותג,ענבים,,סייבל מותג,מותג,,Grapes Syble.jpg
Grapes Scarlota,ענבים סקרלוטה,,,ענבים סקרלוטה מותג,ענבים,,סקרלוטה מותג,מותג,,Grapes Scarlota.png
Grapes Flam,ענבים פלם,,,ענבים פלם סוג א,ענבים,פלם,סוג א,סוג א,,Grapes Flam.png
Grapes Flam,ענבים פלם,,,ענבים פלם סוג א מותג,ענבים,פלם,סוג א מותג,סוג א מותג,,Grapes Flam.png
Grapes Flam (Import),ענבים פלם,,,ענבים פלם ייבוא,ענבים,פלם,ייבוא,יבוא,TRUE,Grapes Flam.png
Grapes Prime (Import),ענבים פריים,,,ענבים פריים ייבוא,,,,יבוא,TRUE,Grapes Prime.jpg
Grapes Perlat,ענבים פרלט,,,ענבים פרלט,ענבים,,פרלט,פרלט,,Grapes Perlat.png
Grapes Perlat,ענבים פרלט,,,ענבים פרלט מותג,ענבים,פרלט,מותג,מותג,,Grapes Perlat.png
Grapes Crimson,ענבים קרימסון,,,ענבים קרימסון,,,,קרימסון,,Grapes Crimson.jpg
Grapes Crimson,ענבים קרימסון,,,ענבים קרימסון מותג,ענבים,,קרימסון מותג,מותג,,Grapes Crimson.jpg
Grapes Crimson,ענבים קרימסון,,,ענבים קרימסון סידלס,,,,סידלס,,Grapes Crimson.jpg
Grapes Crimson (Import),ענבים קרימסון,,,ענבים קרימסון יבוא,ענבים,,קרימסון יבוא,יבוא,TRUE,Grapes Crimson.jpg
Grapes RedGlove,ענבים רדגלוב,,,ענבים רדגלוב סוג א,ענבים,רדגלוב,סוג א,סוג א,,Grapes RedGlove.png
Grapes RedGlove (Import),ענבים רדגלוב,,,ענבים רדגלוב ייבוא,,,,יבוא,TRUE,Grapes RedGlove.png
Grapes RedGlove,ענבים רדגלוב,,,ענבים רדגלוב מותג,ענבים,רדגלוב,מותג,מותג,,Grapes RedGlove.png
Black Grapes(Import),ענבים שחורים,,,ענבים שחורים ייבוא,ענבים,שחורים,ייבוא,יבוא,TRUE,Black Grapes.png
Grapes SBS,ענביםSBS,,,ענבים SBSמותג,ענבים,,SBSמותג,מותג,,Grapes SBS.png
Grapes SBS,ענביםSBS,,,ענבים SBS,ענבים,,SBS,SBS,,Grapes SBS.png
Broad Bean,פולים,,,"פולים אורך10-7ס""מ",פולים,,"אורך10-7ס""מ","אורך10-7 ס""מ",,Broad Bean.jpg
Pomelos Red,פומלה אדומה,,,פומלה פומלה אדומה,פומלה,פומלה,אדומה,אדומה,,Pomelos Red.jpg
Pomelos White,פומלה לבנה,,,פומלה פומלה לבנה סוג א,פומלה,פומלה,לבנה סוג א,סוג א,,Pomelos White.jpg
Pomelit,פומלית,,,פומלה פומלית סוג א,פומלה,פומלית,סוג א,סוג א,,Pomelit.jpg
Champignon Mushrooms,פטריות שמפיניון,,,פטריות שמפניון ק' 50 ממ' סוג א,פטריות,שמפיניון,ק' 50 ממ' סוג א,ק' 50 ממ' סוג א,,Champignon Mushroom.jpg
Red Pepper,פלפל אדום,פלפל אדום,איכות מעולה סוג א,,,,,,,Red Pepper.jpg
Red Pepper,פלפל אדום,פלפל אדום,איכות מעולה מובחר,,,,,,,Red Pepper.jpg
Red Pepper,פלפל אדום,פלפל אדום איכות מעולה,סוג א,,,,,,,Red Pepper.jpg
Red Pepper,פלפל אדום,פלפל אדום איכות מעולה,מובחר,,,,,,,Red Pepper.jpg
Red Pepper,פלפל אדום,פלפל אדום חממה,חממה סוג א,פלפל אדום חממה,פלפל,אדום,חממה,חממה,,Red Pepper.jpg
Red Pepper,פלפל אדום,פלפל אדום חממה,חממה מובחר,,,,,,,Red Pepper.jpg
Red Pepper,פלפל אדום,,,פלפל אדום ש.פתוח מעל קוט,פלפל,אדום,ש.פתוח מעל קוט,ש.פ מעל קוט,,Red Pepper.jpg
Hot Pepper,פלפל חריף,פלפל חריף,מובחר,,,,,,,Hot Pepper.jpg
Hot Pepper,פלפל חריף,פלפל חריף,סוג א,פלפל חריף ירוק,פלפל,חריף,ירוק,ירוק,,Hot Pepper.jpg
Bright green Pepper,פלפל ירוק בהיר,פלפל בהיר,מובחר,,,,,,,Bright green Pepper.jpg
Bright green Pepper,פלפל ירוק בהיר,פלפל בהיר,סוג א,פלפל ירוק בהיר,פלפל,ירוק בהיר,,ירוק בהיר,,Bright green Pepper.jpg
Dark green Pepper,פלפל ירוק כהה,פלפל ירוק מזני בלוקי,זני בלוקי מובחר,,,,,,,Green Pepper.jpg
Dark green Pepper,פלפל ירוק כהה,פלפל ירוק מזני בלוקי,זני בלוקי סוג א,פלפל ירוק כהה ק' 70-60סוג-א,פלפל,ירוק כהה,ק' 70-60סוג-א,ק' 70-60 א,,Green Pepper.jpg
Length Green Pepper,פלפל ירוק מאורך,פלפל ירוק מאורך-,מובחר,,,,,,,Length Green Pepper.jpg
Length Green Pepper,פלפל ירוק מאורך,פלפל ירוק מאורך-,סוג א,,,,,,,Length Green Pepper.jpg
Orange Pepper,פלפל כתום,פלפל כתום,סוג א,,,,,,,Orange Pepper.jpg
Orange Pepper,פלפל כתום,פלפל כתום,מובחר,,,,,,,Orange Pepper.jpg
Yellow Pepper,פלפל צהוב,פלפל צהוב איכות מעולה,איכות מעולה סוג א,,,,,,,Yellow Pepper.jpg
Yellow Pepper,פלפל צהוב,פלפל צהוב איכות מעולה,איכות מעולה מובחר,,,,,,,Yellow Pepper.jpg
Yellow Pepper,פלפל צהוב,פלפל צהוב חממה,חממה סוג א,פלפל צהוב ק' 75-65סוג א,פלפל,צהוב,ק' 75-65סוג א,ק' 75-65 א,,Yellow Pepper.jpg
Yellow Pepper,פלפל צהוב,פלפל צהוב חממה,חממה מובחר,,,,,,,Yellow Pepper.jpg
California pepper,פלפל קליפורני,פלפל קליפורני,מובחר,,,,,,,Bright green Pepper.jpg
California pepper,פלפל קליפורני,פלפל קליפורני,סוג א,,,,,,,Bright green Pepper.jpg
Passionfruit,פסיפלורה,,,פסיפלורה ארוז מוותג,פסיפלורה,,ארוז מוותג,אריזה מותג,,Passionfruit packed.jpg
Passionfruit,פסיפלורה,,,פסיפלורה ארוזה,פסיפלורה,,ארוזה,באריזה,,Passionfruit packed.jpg
Passionfruit,פסיפלורה,,,פסיפלורה תפזורת,,,,תפזורת,,Passionfruit packed.jpg
Papaya,פפאיה,,,פפאיה סוג א צהוב ירוק,פפאיה,,סוג א צהוב ירוק,צהוב ירוק סוג א,,Papaya.jpg
Sabra,צבר,,,צבר סוג א צהוב ירוק,צבר,,סוג א צהוב ירוק,צהוב ירוק סוג א,,Sabara.jpg
Sabra,צבר,,,צבר סוג א,,,,סוג א,,Sabara.jpg
Sabra,צבר,,,צבר מובחר,צבר,,מובחר,מובחר,,Sabara.jpg
Radish,צנון,צנון,מובחר,,,,,,,Radish.jpg
Radish,צנון,צנון,סוג א,צנון ק' 90-70סוג א,צנון,,ק' 90-70סוג א,ק' 90-70 א,,Radish.jpg
Radish,צנון,צנון איכות מעולה,איכות מעולה מובחר,,,,,,,Radish.jpg
Radish,צנון,צנון איכות מעולה,איכות מעולה סוג א,,,,,,,Radish.jpg
Small Radishes packed,צנוניות אריזה,צנוניות באריזה,אריזה מובחר,,,,,,,Small Radishes.jpg
Small Radishes packed,צנוניות אריזה,צנונית באריזה,אריזה סוג א,צנוניות ארוז,צנוניות,,ארוז,באריזה,,Small Radishes.jpg
Kohlrabi,קולורבי,קולורבי,מובחר,,,,,,,Kohlrabi.jpg
Kohlrabi,קולורבי,קולורבי,סוג א,קולורבי ב- 1-0.5קג'א,קולורבי,,ב- 1-0.5קג'א,"1-0.5ק""ג א",,Kohlrabi.jpg
Kohlrabi,קולורבי,קולורבי איכות מעולה,איכות מעולה מובחר,,,,,,,Kohlrabi.jpg
Kohlrabi,קולורבי,קולורבי איכות מעולה,איכות מעולה סוג א,,,,,,,Kohlrabi.jpg
Kiwi,קיווי,,,קיווי ברונו מותג סוג א,קיווי,ברונו,מותג סוג א,ברונו מותג א,,Kiwi.jpg
Kiwi,קיווי,,,קיווי מותג,,,,מותג,,Kiwi.jpg
Kiwi (Import),קיווי,,,קיווי ייבוא סוג א,קיווי,ייבוא,סוג א,יבוא סוג א,TRUE,Kiwi.jpg
Kiwi,קיווי,,,קיווי הוארד סוג א מותג,קיווי,הוארד,סוג א מותג,הוארד מותג א,,Kiwi.jpg
Kiwi,קיווי,,,קיווי הוארד סוג א,,,,הוארד סוג א,,Kiwi.jpg
Courgette,קישואים,קישואים,סוג א,קשואים מקומי סוג א,קשואים,מקומי,סוג א,סוג א,,Courgette.jpg
Courgette,קישואים,קישואים,מובחר,,,,,,,Courgette.jpg
Courgette,קישואים,קישואים איכות מעולה,איכות מעולה מובחר,,,,,איכות מעולה מובחר,,Courgette.jpg
Courgette,קישואים,קישואים איכות מעולה,איכות מעולה סוג א,,,,,איכות מעולה סוג א,,Courgette.jpg
Courgette,קישואים,,,קשואים בלאדי ש.פתוח סוג א,,,,בלאדי ש.פ סוג א,,Courgette.jpg
Clementines Admonit,קלמנטינות אדמונית,,,קלמנטינות אדמונית,קלמנטינות,,אדמונית,אדמונית,,Clementines.png
Clementines Odem,קלמנטינות אודם,,,קלמנטינות אודם,קלמנטינות,,אודם,אודם,,Clementines.png
Clementines Or,קלמנטינות אור,,,קלמנטינות אור,קלמנטינות,,אור,אור,,Clementines.png
Clementines Ora,קלמנטינות אורה,,,קלמנטינות אורה,קלמנטינות,,אורה,אורה,,Clementines.png
Clementines Orlando,קלמנטינות אורלנדו,,,קלמנטינות אורלנדו מירב,קלמנטינות,אורלנדו,מירב,מירב,,Clementines.png
Clementines Orlando,קלמנטינות אורלנדו,,,קלמנטינות אורלנדו מור,,,,מור,,Clementines.png
Clementines Adas,קלמנטינות הדס,,,קלמנטינות הדס,קלמנטינות,,הדס,הדס,,Clementines.png
Clementines Topaz,קלמנטינות טופז,,,קלמנטינות טופז סוג א,קלמנטינות,טופז,סוג א,סוג א,,Clementines.png
Clementines Topaz,קלמנטינות טופז,,,קלמנטינות טופז סוג א,קלמנטינות,טופז,סוג א,סוג א,,Clementines.png
Clementines Mor,קלמנטינות מור,,,קלמנטינות מור,קלמנטינות,,מור,מור,,Clementines.png
Clementines Morkut,קלמנטינות מורקוט,,,קלמנטינות מורקוט סוג א,קלמנטינות,מורקוט,סוג א,סוג א,,Clementines.png
Clementines Michal,קלמנטינות מיכל,,,קלמנטינות מיכל סוג א,קלמנטינות,מיכל,סוג א,סוג א,,Clementines.png
Clementines Minola,קלמנטינות מינאולה,,,קלמנטינות מינאולה סוג א,קלמנטינות,מינאולה,סוג א,סוג א,,Clementines.png
Clementines Merav,קלמנטינות מירב,,,קלמנטינות מירב ,קלמנטינות,מירב,קלמנטינה,מירב,,Clementines.png
Clementines Merav,קלמנטינות מירב,,,קלמנטינות מירב קלמנטינה,,,,מירב,,Clementines.png
Clementines Nova,קלמנטינות נובה,,,קלמנטינות נובה סוג א,קלמנטינות,נובה,סוג א,סוג א,,Clementines.png
Clementines Nirit,קלמנטינות נירית,,,קלמנטינות נירית סוג א,קלמנטינות,נירית,סוג א,סוג א,,Clementines.png
Clementines Santina,קלמנטינות סנטינה,,,קלמנטינות סנטינה סוג א,קלמנטינות,סנטינה,סוג א,סוג א,,Clementines.png
Clementines Schuma,קלמנטינות סצומה,,,קלמנטינות סצומה סוג א,קלמנטינות,סצומה,סוג א,סוג א,,Clementines.png
Clementines Schuma,קלמנטינות סצומה,,,קלמנטינות סצומה,,,,סצומה,,Clementines.png
Clementines Idit,קלמנטינות עידית,,,קלמנטינות עידית סוג א,קלמנטינות,עידית,סוג א,סוג א,,Clementines.png
Clementines Rishon,קלמנטינות ראשון,,,קלמנטינות ראשון,קלמנטינות,,ראשון,ראשון,,Clementines.png
Carambola,קרמבולה,,,קרמבולה סוג א,קרמבולה,,סוג א,סוג א,,Carambola.png
Pomegranates,רימונים,,,רימונים,,,,רימונים,,Pomegranate.jpg
Garlic,שום,שום,סוג א,שום מקומי ק' 50-20סוג א,שום,מקומי,ק' 50-20סוג א,ק' 50-20 א,,Garlic.png
Garlic,שום,שום,מובחר,,,,,,,Garlic.png
Garlic,שום,,סוג א,שום יבש ק' 50-20סוג א,שום,יבש,ק' 50-20סוג א,ק' 50-20 א,,Garlic.png
Garlic (Import),שום,,,שום יבוא סוג א,שום,יבוא,סוג א,יבוא,TRUE,Garlic.png
Garlic (Import),שום,,,שום ייבוא סוג א,שום,ייבוא,סוג א,יבוא,TRUE,Garlic.png
Green Garlic,שום ירוק,שום ירוק,מובחר,,,,,,,Green Garlic.jpg
Green Garlic,שום ירוק,שום ירוק,סוג א,שום ירוק ק' 60-40סוג א,שום,ירוק,ק' 60-40סוג א,ק' 60-40 א,,Green Garlic.jpg
Green Garlic,שום ירוק,,,שום ירוק קצוץ סוג א,שום,ירוק קצוץ,סוג א,סו א,,Green Garlic.jpg
Fennel,שומר,שומר,סוג א,שומר סוג א,שומר,,סוג א,סוג א,,Fennel.jpg
Fennel,שומר,שומר,מובחר,,,,,,,Fennel.jpg
Red Plums,שזיפים אדומים,,,שזיפים אדומים,שזיפים,,אדומים,סוג א,,Red Plums.jpg
Plums black diamond,שזיפים בלייק דיימונד,,,שזיפים בליק דיימו,שזיפים,בליק דיימו,,בליק דיימונד,,Plums black diamond.png
Plums Black Ambar,שזיפים בליק אמבר,,,שזיפים בליק אמבר אדום,שזיפים,בליק אמבר,אדום,אדום,,Plums Black Ambar.png
Plums Baklawa,שזיפים בקלאווה,,,שזיפים בקלאווה,,,,בקלאווה,,Plums black diamond.png
Plums Goldking,שזיפים גולדקינג,,,שזיפים גולדקינג א,שזיפים,גולדקינג,א,סוג א,,Plums Goldking.jpg
Plums Vixon,שזיפים ויקסון,,,שזיפים ויקסון סוג א,שזיפים,ויקסון,סוג א,סוג א,,Plums Vixon.jpg
Plums Lemon,שזיפים לימון,,,שזיפים לימון,,,,סוג א,,Plums Goldking.jpg
Plums Laroda,שזיפים לרודה,,,שזיפים לרודה סוג א,,,,סוג א,,Plum Metal.png
Plums Metal,שזיפים מטלי,,,שזיפים מטלי סוג א,שזיפים,מטלי,סוג א,סוג א,,Plum Metal.png
Plums New- Yorker,שזיפים ניו-יורקר,,,שזיפים ניו-יורקר סוג א,,,,סוג א,,Plum Metal.png
Plums Sungold,שזיפים סנגולד,,,שזיפים סנגולד סוג א,שזיפים,סנגולד,סוג א,סוג א,,Plums Sungold.png
Plums Prayer,שזיפים פראייר,,,שזיפים פראייר בינוני,שזיפים,,,בינוני,,Plum Metal.png
Yellow plums,שזיפים צהובים,,,שזיפים אוגדן צהוב,שזיפים,אוגדן,צהוב,אוגדן,,Plums Goldking.jpg
Plums Red beauty,שזיפים רד ביוטי,,,שזיפים רד ביוטי סוג א,שזיפים,רד ביוטי,סוג א,סוג א,,Plums Red beauty.jpg
Plums Sagiv,שזיפים שגיב,,,שזיפים שגיב סוג א'מאורך,שזיפים,שגיב,סוג א'מאורך,מאורך סוג א,,Plums Sagiv.png
Plums 1200,שזיפים1200,,,שזיפים סוג1200,שזיפים,סוג1200,,1200,,Plum 1200.jpg
Plums 440,שזיפים440,,,שזיפים סוג440,שזיפים,סוג440,,440,,Plums 440.png
Loquat,שסק,,,שסק סוג א,שסק,,סוג א,סוג א,,Loquat.jpg
Green Beans,שעועית ירוקה,שעועית ירוקה,מובחר,,,,,,,Green Beans.png
Green Beans,שעועית ירוקה,שעועית ירוקה,סוג א,"שעועית ירוקה 10-7ס""מ סוג א",שעועית,ירוקה,"10-7ס""מ סוג א","10-7ס""מ א",,Green Beans.png
Yellow Beans,שעועית צהובה,,,"שעועית צהובה 10-7ס""מ סוג א",שעועית,צהובה,"10-7ס""מ סוג א","10-7ס""מ א",,Yellow Beans.png
Green Almonds,שקדים ירוקים,,,שקדים ירוק ארוז,שקדים ירוק,,ארוז,באריזה,,Green Almonds.jpg
Green Almonds,שקדים ירוקים,,,שקדים ירוק סוג א,שקדים ירוק,,סוג א,סוג א,,Green Almonds.jpg
Green Almonds,שקדים ירוקים,,,שקדים ירוק תפזורת,שקדים ירוק,,תפזורת,בתפזורת,,Green Almonds.jpg
Figs,תאנים,,,תאנים ירוק סוג א,תאנים ירוק,,סוג א,סוג א,,Figs.png
Strawberry,תות שדה,,,תות שדה מובחר,תות שדה,,מובחר,מובחר,,Strawberry.jpg
Strawberry,תות שדה,,,תות שדה סוג א,תות שדה,,סוג א,סוג א,,Strawberry.jpg
Corn,תירס,תירס באריזה קמעונאית,אריזה מובחר,,,,,,,Corn.jpg
Corn,תירס,תירס באריזה קמעונאית,אריזה סוג א,תירס ארוז סוג א,תירס,,ארוז סוג א,אריזה סוג א,,Corn.jpg
Corn,תירס,,,תירס תפזורת סוג א,תירס,,תפזורת סוג א,תפזורת סוג א,,Corn.jpg
Dates Barhi,תמרים ברהי,,,תמרים תמרים ברהי סוג א,תמרים,תמרים ברהי,סוג א,סוג א,,Dates Barhi.png
Oranges Valensia,תפוזים ולנסיה,,,תפוזים ולנסיה סוג א',תפוזים,ולנסיה,סוג א',סוג א,,Oranges.png
Oranges Valensia,תפוזים ולנסיה,,,תפוזים ולנסיה סוג א,תפוזים,ולנסיה,סוג א,סוג א,,Oranges.png
Oranges Nevel,תפוזים טבורי,,,תפוזים טבורי ניול,תפוזים,טבורי,ניול,ניול,,Oranges.png
Oranges Comkwot,תפוזים קומקווט,,,תפוזים קומקווט ארוז,תפוזים,קומקווט,ארוז,באריזה,,Oranges.png
Oranges Comkwot,תפוזים קומקווט,,,תפוזים קומקווט תפזורת,תפוזים,קומקווט,תפזורת,בתפזורת,,Oranges.png
Oranges Shamuti,תפוזים שמוטי,,,תפוזים שמוטי סוג א,תפוזים,שמוטי,סוג א,סוג א,,Oranges.png
Red Potatoes,תפוח אדמה אדום,"תפוא""ד אדום באריזה קמעונאית",אריזה סוג א,תפוח אדמה אדום ארוז סוג א,תפוח אדמה,אדום,ארוז סוג א,אריזה סוג א,,Red Potatoes.jpg
Red Potatoes,תפוח אדמה אדום,"תפוא""ד אדום באריזה קמעונאית",אריזה מובחר,,,,,,,Red Potatoes.jpg
Red Potatoes,תפוח אדמה אדום,"תפוא""ד אדום באריזה קמעונאית איכות מעולה",אריזה איכות מעולה סוג א,,,,,,,Red Potatoes.jpg
Red Potatoes,תפוח אדמה אדום,"תפוא""ד אדום באריזה קמעונאית איכות מעולה",אריזה איכות מעולה מובחר,,,,,,,Red Potatoes.jpg
Red Potatoes,תפוח אדמה אדום,"תפוא""ד אדום בשקים",תפזורת סוג א,תפוח אדמה דזירה תפזורת סוג א,תפוח אדמה,דזירה,תפזורת סוג א,תפזורת סוג א,,Red Potatoes.jpg
Red Potatoes,תפוח אדמה אדום,"תפוא""ד אדום בשקים",תפזורת מובחר,,,,,,,Red Potatoes.jpg
Red Potatoes,תפוח אדמה אדום,,אריזה סוג א,תפוח אדמה דזירה ארוז סוג א,תפוח אדמה,דזירה,ארוז סוג א,אריזה סוג א,,Red Potatoes.jpg
Red Potatoes,תפוח אדמה אדום,,תפזורת סוג א,תפוח אדמה אדום תפזורת סוג א,תפוח אדמה,אדום,תפזורת סוג א,תפזורת סוג א,,Red Potatoes.jpg
White Potatoes,תפוח אדמה לבן,"תפוא""ד באריזה קמעונאית",אריזה סוג א,תפוח אדמה לבן ארוז סוג א,תפוח אדמה,לבן,ארוז סוג א,אריזה סוג א,,White Potatoes.png
White Potatoes,תפוח אדמה לבן,"תפוא""ד באריזה קמעונאית",אריזה מובחר,,,,,,,White Potatoes.png
White Potatoes,תפוח אדמה לבן,"תפוא""ד באריזה קמעונאית לבן איכות מעולה",אריזה איכות מעולה מובחר,,,,,,,White Potatoes.png
White Potatoes,תפוח אדמה לבן,"תפוא""ד באריזה קמעונאית לבן איכות מעולה",אריזה איכות מעולה סוג א,,,,,,,White Potatoes.png
White Potatoes,תפוח אדמה לבן,"תפוא""ד בשקים לבן איכות מעולה",תפזורת איכות מעולה סוג א,,,,,,,White Potatoes.png
White Potatoes,תפוח אדמה לבן,"תפוא""ד בשקים לבן איכות מעולה",תפזורת איכות מעולה מובחר,,,,,,,White Potatoes.png
White Potatoes,תפוח אדמה לבן,"תפוא""ד שקים",תפזורת סוג א,תפוח אדמה לבן תפזורת סוג א,תפוח אדמה,לבן,תפזורת סוג א,תפזורת סוג א,,White Potatoes.png
White Potatoes,תפוח אדמה לבן,"תפוא""ד שקים",תפזורת מובחר,,,,,,,White Potatoes.png
Apples Orleans,תפוחים אורליאנס,,,תפוחים אורליאנס ק'7,,,,ק' 7,,Apples Orleans.jpg
Apples Anna,תפוחים אנה,,,תפוחים ענה ק' 6.5,תפוחים,ענה,ק' 6.5,ק' 6.5,,Apples Ana.jpg
Apples Anna,תפוחים אנה,,,תפוחים ענה ק' 7,תפוחים,ענה,ק' 7,ק' 7,,Apples Ana.jpg
Apples Anna,תפוחים אנה,,,תפוחים ענה ק 7.5,תפוחים,ענה,ק' 7.5,ק' 7.5,,Apples Ana.jpg
Apples Anna,תפוחים אנה,,,תפוחים ענה ק' 5.5,תפוחים,ענה,ק' 5.5,ק' 5.5,,Apples Ana.jpg
Apples Anna,תפוחים אנה,,,תפוחים ענה ק' 6,תפוחים,ענה,ק' 6,ק' 6,,Apples Ana.jpg
Apples Gala,תפוחים גלה,,,תפוחים גלה ק' 7.5מותג,תפוחים גלה,גלה,ק' 7.5מותג,ק' 7.5מותג,,Apples Gala.jpg
Apples Gala,תפוחים גלה,,,תפוחים גלה גלה ק'7.5 מותג,תפוחים גלה,גלה,ק'7.5 מותג,ק' 7.5מותג,,Apples Gala.jpg
Apples Gala,תפוחים גלה,,,תפוחים גלה ק' 6מותג,תפוחים גלה,גלה,ק' 6מותג,ק'6 מותג,,Apples Gala.jpg
Apples Gala,תפוחים גלה,,,תפוחים גלה גלה ק' 6מותג,תפוחים גלה,גלה,ק' 6מותג,ק'6 מותג,,Apples Gala.jpg
Apples Gala,תפוחים גלה,,,תפוחים גלה ק' 6.5מותג,תפוחים גלה,גלה,ק' 6.5מותג,ק' 6.5מותג,,Apples Gala.jpg
Apples Gala,תפוחים גלה,,,תפוחים גלה גלה ק' 6.5מותג,תפוחים גלה,גלה,ק' 6.5מותג,ק' 6.5מותג,,Apples Gala.jpg
Apples Gala,תפוחים גלה,,,תפוחים גלה ק' 7מותג,תפוחים גלה,גלה,ק' 7מותג,ק' 7מותג,,Apples Gala.jpg
Apples Gala,תפוחים גלה,,,תפוחים גלה גלה ק' 7מותג,תפוחים גלה,גלה,ק' 7מותג,ק' 7מותג,,Apples Gala.jpg
Apples Grany Smith,תפוחים גרני סמיט,,,תפוחים גרני סמית גרני סמיט ק' 7מותג,תפוחים גרני סמית,גרני סמיט,ק' 7מותג,ק' 7מותג,,Apples Grany Smith.jpg
Apples Grany Smith,תפוחים גרני סמיט,,,תפוחים גרני סמית גרני סמיט ק' 7.5מותג,תפוחים גרני סמית,גרני סמיט,ק' 7.5מותג,ק' 7.5מותג,,Apples Grany Smith.jpg
Apples Grany Smith (Import),תפוחים גרני סמיט,,,תפוחים גרני סמיט ייבוא,,,,יבוא,TRUE,Apples Grany Smith.jpg
Apples Grany Smith,תפוחים גרני סמיט,,,תפוחים  גרני סמיט ק' 7מותג,תפוחים גרני סמית,גרני סמיט,ק' 7מותג,ק' 7מותג,,Apples Grany Smith.jpg
Apples Grany Smith,תפוחים גרני סמיט,,,תפוחים גרני סמית גרני סמיט ק' 6.5מותג,תפוחים גרני סמית,גרני סמיט,ק' 6.5מותג,ק' 6.5מותג,,Apples Grany Smith.jpg
Apples Grany Smith,תפוחים גרני סמיט,,,תפוחים גרני סמיט ק' 6.5מותג,תפוחים גרני סמית,גרני סמיט,ק' 6.5מותג,ק' 6.5מותג,,Apples Grany Smith.jpg
Apples Grany Smith,תפוחים גרני סמיט,,,תפוחים גרני סמית גרני סמיט ק' 6מותג,תפוחים גרני סמית,גרני סמיט,ק' 6מותג,ק' 6מותג,,Apples Grany Smith.jpg
Apples Grany Smith,תפוחים גרני סמיט,,,תפוחים גרני סמיט ק' 6מותג,תפוחים גרני סמית,גרני סמיט,ק' 6מותג,ק' 6מותג,,Apples Grany Smith.jpg
Apples Grany Smith,תפוחים גרני סמיט,,,תפוחים גרני סמיט ק' 7.5מותג,תפוחים גרני סמית,גרני סמיט,ק' 7.5מותג,ק' 7.5מותג,,Apples Grany Smith.jpg
Apples Golden Delicious,תפוחים זהוב דלישס,,,תפוחים זהוב דלישס זהוב דלישס ק' 7מותג,תפוחים זהוב דלישס,זהוב דלישס,ק' 7מותג,ק' 7מותג,,Apples Golden Delicious.jpg
Apples Gold delishes,תפוחים זהוב דלישס,,,תפוחים זהוב דלישס ק' 7.5מותג,תפוחים זהוב דלישס,זהוב דלישס,ק' 7.5מותג,ק' 7.5מותג,,Apples Golden Delicious.jpg
Apples Golden Delicious,תפוחים זהוב דלישס,,,תפוחים זהוב דלישס זהוב דלישס ק' 7.5מותג,תפוחים זהוב דלישס,זהוב דלישס,ק' 7.5מותג,ק' 7.5מותג,,Apples Golden Delicious.jpg
Apples Golden Delicious (Import),תפוחים זהוב דלישס,,,תפוחים זהוב דלישס יבוא קוטר-7,,,,יבוא ק' 7,TRUE,Apples Golden Delicious.jpg
Apples Golden Delicious,תפוחים זהוב דלישס,,,תפוחים זהוב דלישס ק' 6מותג,תפוחים זהוב דלישס,זהוב דלישס,ק' 6מותג,ק' 6מותג,,Apples Golden Delicious.jpg
Apples Golden Delicious,תפוחים זהוב דלישס,,,תפוחים זהוב דלישס זהוב דלישס ק' 6מותג,תפוחים זהוב דלישס,זהוב דלישס,ק' 6מותג,ק' 6מותג,,Apples Golden Delicious.jpg
Apples Gold delishes,תפוחים זהוב דלישס,,,תפוחים זהוב דלישס ק' 6.5מותג,תפוחים זהוב דלישס,זהוב דלישס,ק' 6.5מותג,ק' 6.5מותג,,Apples Golden Delicious.jpg
Apples Golden Delicious,תפוחים זהוב דלישס,,,תפוחים זהוב דלישס זהוב דלישס ק' 6.5מותג,תפוחים זהוב דלישס,זהוב דלישס,ק' 6.5מותג,ק' 6.5מותג,,Apples Golden Delicious.jpg
Apples Gold delishes,תפוחים זהוב דלישס,,,תפוחים זהוב דלישס ק' 7מותג,תפוחים זהוב דלישס,זהוב דלישס,ק' 7מותג,ק' 7מותג,,Apples Golden Delicious.jpg
Apples Jonatan,תפוחים יונתן,,,תפוחים יונתן ק' 6 מותג,,,,ק'6 מותג,,Apples Jonatan.jpg
Apples Jonatan,תפוחים יונתן,,,תפוחים יונתן ק' 6.5 מותג,,,,ק' 6.5מותג,,Apples Jonatan.jpg
Apples Jonatan,תפוחים יונתן,,,תפוחים יונתן ק' 7 מותג,,,,ק' 7מותג,,Apples Jonatan.jpg
Apples Jonatan,תפוחים יונתן,,,תפוחים יונתן ק' 7.5 מותג,,,,ק' 7.5מותג,,Apples Jonatan.jpg
Apples Molly Delicios,תפוחים מולי דלישס,,,תפוחים מולי דלישס ק' 6.5 מותג,,,,ק' 6.5מותג,,Apples Molly delicious.jpg
Apples Molly Delicious,תפוחים מולי דלישס,,,תפוחים מולי דלישס ק' 7 מותג,,,,ק' 7מותג,,Apples Molly delicious.jpg
Apples Starking,תפוחים סטרקינג דלישס,,,תפוחים סטרקינג דל ק' 7מותג,תפוחים סטרקינג,סטרקינג דל,ק' 7מותג,ק' 7מותג,,Apples Starking.jpg
Apples Starking,תפוחים סטרקינג דלישס,,,תפוחים סטרקינג סטרקינג דל ק' 7מותג,תפוחים סטרקינג,סטרקינג דל,ק' 7מותג,ק' 7מותג,,Apples Starking.jpg
Apples Starking,תפוחים סטרקינג דלישס,,,תפוחים סטרקינג דלישס ק' 7 מותג,,,,ק' 7מותג,,Apples Starking.jpg
Apples Starking,תפוחים סטרקינג דלישס,,,תפוחים סטרקינג דל ק' 7.5מותג,תפוחים סטרקינג,סטרקינג דל,ק' 7.5מותג,ק' 7.5מותג,,Apples Starking.jpg
Apples Starking,תפוחים סטרקינג דלישס,,,תפוחים סטרקינג סטרקינג דל ק' 7.5מותג,תפוחים סטרקינג,סטרקינג דל,ק' 7.5מותג,ק' 7.5מותג,,Apples Starking.jpg
Apples Starking,תפוחים סטרקינג דלישס,,,תפוחים סטרקינג דל ק' 6מותג,תפוחים סטרקינג,סטרקינג דל,ק' 6מותג,ק' 6מותג,,Apples Starking.jpg
Apples Starking (Import),תפוחים סטרקינג דלישס,,,תפוחים סטרקינג דל ייבוא ק' 7.5,,,,ק' 7.5 יבוא,TRUE,Apples Starking.jpg
Apples Starking (Import),תפוחים סטרקינג דלישס,,,תפוחים סטרקינג דל ייבוא ק' 7,,,,ק' 7 יבוא,TRUE,Apples Starking.jpg
Apples Starking,תפוחים סטרקינג דלישס,,,תפוחים סטרקינג דלישס ק' 7.5 מותג,,,,ק' 7.5מותג,,Apples Starking.jpg
Apples Starking,תפוחים סטרקינג דלישס,,,תפוחים סטרקינג סטרקינג דל ק' 6מותג,תפוחים סטרקינג,סטרקינג דל,ק' 6מותג,ק' 6מותג,,Apples Starking.jpg
Apples Starking,תפוחים סטרקינג דלישס,,,תפוחים סטרקינג דל ק' 6.5מותג,תפוחים סטרקינג,סטרקינג דל,ק' 6.5מותג,ק' 6.5מותג,,Apples Starking.jpg
Apples Starking,תפוחים סטרקינג דלישס,,,תפוחים סטרקינג סטרקינג דל ק' 6.5מותג,תפוחים סטרקינג,סטרקינג דל,ק' 6.5מותג,ק' 6.5מותג,,Apples Starking.jpg
Apples Starking,תפוחים סטרקינג דלישס,,,תפוחים סטרקינג דלישס ק' 6.5 מותג,,,,ק' 6.5מותג,,Apples Starking.jpg
Apples Pink Lady,תפוחים פינק ליידי,,,תפוחים פינק ליידי ק6.5,תפוחים,,פינק ליידי ק6.5,קוטר 6.5,,Apples Pink lady.jpg
Apples Pink Lady,תפוחים פינק ליידי,,,תפוחים פינק ליידי ק7,תפוחים,,פינק ליידי ק7,קוטר7,,Apples Pink lady.jpg
Apples Pink Lady,תפוחים פינק ליידי,,,תפוחים פינק ליידי ק7.5,תפוחים,,פינק ליידי ק7.5,קוטר 7.5,,Apples Pink lady.jpg
Apples Pink Lady (Import),תפוחים פינק ליידי,,,תפוחים פינק ליידי ייבו,תפוחים,,פינק ליידי ייבו,יבוא,TRUE,Apples Pink lady.jpg
